quake_code,Anno,Mese,Giorno,Luogo,Magnitudo,Latitudine,Longitudine,cfti_url
13,1065,3,27,Brescia,5.1,45.5447,10.2141,https://storing.ingv.it/cfti/cfti5/quake.php?00013IT=
18,1087,9,10,Puglia,5.6,41.25,16,https://storing.ingv.it/cfti/cfti5/quake.php?00018IT=
35,1117,1,3,Veronese,6.8,45.3665,11.1673,https://storing.ingv.it/cfti/cfti5/quake.php?00035IT=
36,1120,3,25,Rocca d’Evandro,5.8,41.3778,13.9172,https://storing.ingv.it/cfti/cfti5/quake.php?00036IT=
39,1125,10,11,Sannio-Molise,5.6,41.5996,14.997,https://storing.ingv.it/cfti/cfti5/quake.php?00039IT=
46,1125,6,7,Siracusa,5.8,37.0828,15.2852,https://storing.ingv.it/cfti/cfti5/quake.php?00046IT=
57,1160,10,15,Subiaco (RM),5.2,41.9259,13.0946,https://storing.ingv.it/cfti/cfti5/quake.php?00057IT=
58,1161,1,16,Ceccano (FR),5.1,41.5691,13.3342,https://storing.ingv.it/cfti/cfti5/quake.php?00058IT=
62,1169,2,4,Sicilia orientale,6.4,37.2155,14.9488,https://storing.ingv.it/cfti/cfti5/quake.php?00062IT=
65,1170,5,9,Ceccano (FR),5.6,41.5691,13.3342,https://storing.ingv.it/cfti/cfti5/quake.php?00065IT=
72,1184,5,24,Valle del Crati,6.7,39.3951,16.1933,https://storing.ingv.it/cfti/cfti5/quake.php?00072IT=
89,1222,12,25,Basso bresciano,6,45.481,10.2319,https://storing.ingv.it/cfti/cfti5/quake.php?00089IT=
100,1231,6,1,Cassino,5.1,41.4891,13.8304,https://storing.ingv.it/cfti/cfti5/quake.php?00100IT=
120,1269,9,,Ancona,5.6,43.5583,13.5644,https://storing.ingv.it/cfti/cfti5/quake.php?00120IT=
122,1268,11,4,Trevigiano,5.4,45.736,12.0786,https://storing.ingv.it/cfti/cfti5/quake.php?00122IT=
123,1273,12,18,Potenza,5.8,40.6386,15.8053,https://storing.ingv.it/cfti/cfti5/quake.php?00123IT=
129,1276,5,22,Orvietano,5.6,42.7211,12.091,https://storing.ingv.it/cfti/cfti5/quake.php?00129IT=
143,1279,5,1,Appennino romagnolo,5.9,44.0294,11.7805,https://storing.ingv.it/cfti/cfti5/quake.php?00143IT=
144,1279,4,30,Appennino umbro-marchigiano,6.5,43.1049,12.9326,https://storing.ingv.it/cfti/cfti5/quake.php?00144IT=
160,1293,3,,Pistoia,5.6,43.9327,10.9127,https://storing.ingv.it/cfti/cfti5/quake.php?00160IT=
162,1293,9,4,Sannio,5.8,41.3047,14.5479,https://storing.ingv.it/cfti/cfti5/quake.php?00162IT=
169,1298,12,1,Reatino,6.2,42.5743,12.9061,https://storing.ingv.it/cfti/cfti5/quake.php?00169IT=
189,1304,10,23,Pianura Padana,5.1,45.0109,10.148,https://storing.ingv.it/cfti/cfti5/quake.php?00189IT=
197,1308,1,25,Rimini,5.4,44.06,12.5666,https://storing.ingv.it/cfti/cfti5/quake.php?00197IT=
201,1315,12,3,Castelli dell’Aquilano,5.8,42.3203,13.4644,https://storing.ingv.it/cfti/cfti5/quake.php?00201IT=
215,1328,12,4,Valnerina,6.4,42.8555,13.0223,https://storing.ingv.it/cfti/cfti5/quake.php?00215IT=
232,1348,1,25,Carinzia,7.1,46.5795,13.5408,https://storing.ingv.it/cfti/cfti5/quake.php?00232IT=
239,1349,9,9,Lazio meridionale-Molise,6.8,41.5818,13.907,https://storing.ingv.it/cfti/cfti5/quake.php?00239IT=
243,1352,1,25,Catania,5.4,37.5024,15.0873,https://storing.ingv.it/cfti/cfti5/quake.php?00243IT=
244,1352,12,25,Sansepolcro (AR),5.8,43.4885,12.1472,https://storing.ingv.it/cfti/cfti5/quake.php?00244IT=
245,1353,1,1,Sansepolcro (AR),5.6,43.5707,12.1411,https://storing.ingv.it/cfti/cfti5/quake.php?00245IT=
252,1361,7,17,Ascoli Satriano (FG),6,41.2058,15.5611,https://storing.ingv.it/cfti/cfti5/quake.php?00252IT=
258,1365,7,25,Bologna,5.4,44.4986,11.3396,https://storing.ingv.it/cfti/cfti5/quake.php?00258IT=
263,1367,,,Sant’Elia Fiumerapido (FR),5.1,41.5408,13.8664,https://storing.ingv.it/cfti/cfti5/quake.php?00263IT=
304,1389,10,18,Appennino umbro-marchigiano,6.1,43.536,12.3587,https://storing.ingv.it/cfti/cfti5/quake.php?00304IT=
314,1396,11,26,Monza,5.4,45.5851,9.2736,https://storing.ingv.it/cfti/cfti5/quake.php?00314IT=
318,1399,7,20,Modenese,5.1,44.4425,10.9243,https://storing.ingv.it/cfti/cfti5/quake.php?00318IT=
339,1403,9,6,Cividale del Friuli (UD),5.6,46.0936,13.4306,https://storing.ingv.it/cfti/cfti5/quake.php?00339IT=
353,1409,11,15,Parma,5.1,44.8014,10.3284,https://storing.ingv.it/cfti/cfti5/quake.php?00353IT=
367,1414,8,3,Toscana settentrionale,5.2,43.9326,10.6096,https://storing.ingv.it/cfti/cfti5/quake.php?00367IT=
368,1414,8,7,Colline Metallifere,5.6,43.2719,11.1177,https://storing.ingv.it/cfti/cfti5/quake.php?00368IT=
370,1414,,,Vieste (FG),5.8,41.883,16.1797,https://storing.ingv.it/cfti/cfti5/quake.php?00370IT=
388,1438,6,11,Parmense,5.6,44.8442,10.2384,https://storing.ingv.it/cfti/cfti5/quake.php?00388IT=
406,1453,9,28,Firenze,5.3,43.7854,11.2839,https://storing.ingv.it/cfti/cfti5/quake.php?00406IT=
418,1458,4,26,Val Tiberina,5.8,43.4639,12.2356,https://storing.ingv.it/cfti/cfti5/quake.php?00418IT=
425,1461,11,27,Aquilano,6.4,42.3137,13.5432,https://storing.ingv.it/cfti/cfti5/quake.php?00425IT=
438,1466,1,15,Irpinia,6.1,40.7655,15.3338,https://storing.ingv.it/cfti/cfti5/quake.php?00438IT=
464,1480,,,Marche meridionali,5.4,42.902,13.8004,https://storing.ingv.it/cfti/cfti5/quake.php?00464IT=
466,1481,5,7,Garfagnana,5.6,44.2751,10.1294,https://storing.ingv.it/cfti/cfti5/quake.php?00466IT=
468,1483,8,11,Romagna meridionale,5.7,44.1564,12.2293,https://storing.ingv.it/cfti/cfti5/quake.php?00468IT=
484,1491,1,24,Padova,5,45.4073,11.8757,https://storing.ingv.it/cfti/cfti5/quake.php?00484IT=
489,1494,5,29,Messina,5.4,38.1877,15.5493,https://storing.ingv.it/cfti/cfti5/quake.php?00489IT=
501,1501,6,5,Appennino modenese,6,44.5199,10.8435,https://storing.ingv.it/cfti/cfti5/quake.php?00501IT=
512,1504,11,1,Bibbiena (AR),5.1,43.6973,11.8162,https://storing.ingv.it/cfti/cfti5/quake.php?00512IT=
514,1504,12,31,Bolognese,5.3,45.0471,11.4568,https://storing.ingv.it/cfti/cfti5/quake.php?00514IT=
516,1505,1,3,Bolognese,5.6,44.5086,11.2296,https://storing.ingv.it/cfti/cfti5/quake.php?00516IT=
535,1509,2,25,Calabria meridionale,5.6,38.1004,15.6843,https://storing.ingv.it/cfti/cfti5/quake.php?00535IT=
537,1509,4,19,Faentino,5,44.324,11.8646,https://storing.ingv.it/cfti/cfti5/quake.php?00537IT=
648,1527,10,4,Pistoia,5.4,43.9327,10.9127,https://storing.ingv.it/cfti/cfti5/quake.php?00648IT=
688,1542,6,13,Mugello,5.9,44.0066,11.3844,https://storing.ingv.it/cfti/cfti5/quake.php?00688IT=
694,1542,12,10,Siracusano,6.8,37.2343,15.0143,https://storing.ingv.it/cfti/cfti5/quake.php?00694IT=
697,1545,6,9,Valle del Taro,5.3,44.4735,9.8245,https://storing.ingv.it/cfti/cfti5/quake.php?00697IT=
698,1547,2,10,Reggio Emilia,5.1,44.6981,10.631,https://storing.ingv.it/cfti/cfti5/quake.php?00698IT=
721,1560,5,11,Barletta-Bisceglie,5.6,41.249,16.4847,https://storing.ingv.it/cfti/cfti5/quake.php?00721IT=
722,1561,7,31,Buccino (SA),5.6,40.6334,15.3756,https://storing.ingv.it/cfti/cfti5/quake.php?00722IT=
725,1561,8,19,Vallo di Diano,6.5,40.5135,15.4915,https://storing.ingv.it/cfti/cfti5/quake.php?00725IT=
738,1564,7,20,Alpi Marittime,6,44.0302,7.2701,https://storing.ingv.it/cfti/cfti5/quake.php?00738IT=
755,1570,11,17,Ferrara,5.5,44.8242,11.6313,https://storing.ingv.it/cfti/cfti5/quake.php?00755IT=
804,1584,9,10,Appennino tosco-emiliano,5.8,43.8626,11.9916,https://storing.ingv.it/cfti/cfti5/quake.php?00804IT=
831,1597,8,3,Mugello,5.2,43.9879,11.4286,https://storing.ingv.it/cfti/cfti5/quake.php?00831IT=
838,1599,11,6,Valnerina,6,42.7246,13.0213,https://storing.ingv.it/cfti/cfti5/quake.php?00838IT=
867,1611,9,8,Scarperia (FI),5.1,44.0109,11.359,https://storing.ingv.it/cfti/cfti5/quake.php?00867IT=
870,1613,8,25,Naso (ME),5.6,38.1228,14.7876,https://storing.ingv.it/cfti/cfti5/quake.php?00870IT=
905,1624,3,19,Argenta (FE),5.5,44.6431,11.8479,https://storing.ingv.it/cfti/cfti5/quake.php?00905IT=
909,1624,10,3,Mineo (CT),5.6,37.27,14.7419,https://storing.ingv.it/cfti/cfti5/quake.php?00909IT=
921,1626,4,4,Girifalco (CZ),6,38.8519,16.4556,https://storing.ingv.it/cfti/cfti5/quake.php?00921IT=
928,1627,7,30,Gargano,6.8,41.7381,15.3419,https://storing.ingv.it/cfti/cfti5/quake.php?00928IT=
929,1627,7,30,San Severo (FG),5.8,41.686,15.3806,https://storing.ingv.it/cfti/cfti5/quake.php?00929IT=
931,1627,8,7,Gargano,6,41.7591,15.328,https://storing.ingv.it/cfti/cfti5/quake.php?00931IT=
934,1627,9,6,Gargano,5.8,41.5971,15.3578,https://storing.ingv.it/cfti/cfti5/quake.php?00934IT=
940,1633,2,21,Nicolosi (CT),5.8,37.6143,15.0256,https://storing.ingv.it/cfti/cfti5/quake.php?00940IT=
953,1638,3,27,Calabria,7,39.0483,16.2879,https://storing.ingv.it/cfti/cfti5/quake.php?00953IT=
958,1638,6,8,Crotonese,6.9,39.2795,16.8123,https://storing.ingv.it/cfti/cfti5/quake.php?00958IT=
963,1639,10,8,Monti della Laga,6.1,42.6393,13.2693,https://storing.ingv.it/cfti/cfti5/quake.php?00963IT=
966,1639,10,15,Monti della Laga,6.2,42.6523,13.2467,https://storing.ingv.it/cfti/cfti5/quake.php?00966IT=
979,1642,6,13,Cremonese,5.4,45.2794,9.927,https://storing.ingv.it/cfti/cfti5/quake.php?00979IT=
984,1644,2,15,Alpi Marittime,6,43.9933,7.3172,https://storing.ingv.it/cfti/cfti5/quake.php?00984IT=
995,1646,5,31,Gargano,6.3,41.874,15.9385,https://storing.ingv.it/cfti/cfti5/quake.php?00995IT=
1007,1654,7,24,Sorano-Marsica,6.3,41.6352,13.6826,https://storing.ingv.it/cfti/cfti5/quake.php?01007IT=
1019,1659,11,5,Calabria centrale,6.6,38.6955,16.2498,https://storing.ingv.it/cfti/cfti5/quake.php?01019IT=
1025,1661,3,12,Bergamasco,5.1,45.6552,9.9815,https://storing.ingv.it/cfti/cfti5/quake.php?01025IT=
1026,1661,3,22,Appennino romagnolo,6.1,44.0218,11.8979,https://storing.ingv.it/cfti/cfti5/quake.php?01026IT=
1044,1669,3,10,Nicolosi (CT),5.3,37.6143,15.0256,https://storing.ingv.it/cfti/cfti5/quake.php?01044IT=
1053,1671,6,20,Modena-Reggio Emilia,5.3,44.6749,10.8655,https://storing.ingv.it/cfti/cfti5/quake.php?01053IT=
1056,1672,4,14,Riminese,5.6,43.9413,12.5755,https://storing.ingv.it/cfti/cfti5/quake.php?01056IT=
1103,1688,4,11,Romagna,5.8,44.3911,11.9417,https://storing.ingv.it/cfti/cfti5/quake.php?01103IT=
1108,1688,6,5,Sannio,7,41.2836,14.561,https://storing.ingv.it/cfti/cfti5/quake.php?01108IT=
1124,1690,12,23,Anconetano,5.4,43.5473,13.5925,https://storing.ingv.it/cfti/cfti5/quake.php?01124IT=
1143,1693,1,9,Val di Noto,6.2,37.1411,15.0351,https://storing.ingv.it/cfti/cfti5/quake.php?01143IT=
1148,1693,1,11,Sicilia orientale,7.4,37.1407,15.013,https://storing.ingv.it/cfti/cfti5/quake.php?01148IT=
1160,1694,4,8,Alta Valtiberina,5.1,43.6208,12.0908,https://storing.ingv.it/cfti/cfti5/quake.php?01160IT=
1166,1694,9,8,Irpinia-Basilicata,6.8,40.8631,15.4058,https://storing.ingv.it/cfti/cfti5/quake.php?01166IT=
1174,1695,2,25,Asolano,6.5,45.802,11.9483,https://storing.ingv.it/cfti/cfti5/quake.php?01174IT=
1199,1695,6,11,Lazio settentrionale,6.2,42.6254,12.1074,https://storing.ingv.it/cfti/cfti5/quake.php?01199IT=
1259,1700,7,28,Carnia,5.7,46.4104,12.8803,https://storing.ingv.it/cfti/cfti5/quake.php?01259IT=
1271,1702,3,14,Beneventano-Irpinia,6.5,41.1207,14.9891,https://storing.ingv.it/cfti/cfti5/quake.php?01271IT=
1284,1703,1,14,Appennino umbro-reatino,6.7,42.7091,13.0705,https://storing.ingv.it/cfti/cfti5/quake.php?01284IT=
1285,1703,1,16,Appennino umbro-reatino,6,42.6233,13.1021,https://storing.ingv.it/cfti/cfti5/quake.php?01285IT=
1291,1703,2,2,Aquilano,6.7,42.4351,13.2917,https://storing.ingv.it/cfti/cfti5/quake.php?01291IT=
1348,1706,11,3,Maiella,6.8,42.0765,14.0795,https://storing.ingv.it/cfti/cfti5/quake.php?01348IT=
1415,1717,4,22,Castroreale (ME),5,38.0998,15.211,https://storing.ingv.it/cfti/cfti5/quake.php?01415IT=
1450,1719,6,27,Alta Valnerina,5.5,42.8773,13.0468,https://storing.ingv.it/cfti/cfti5/quake.php?01450IT=
1529,1724,12,11,Colline Metallifere,5.4,43.1891,10.9956,https://storing.ingv.it/cfti/cfti5/quake.php?01529IT=
1540,1725,10,29,Appennino tosco-emiliano,5.4,44.207,11.573,https://storing.ingv.it/cfti/cfti5/quake.php?01540IT=
1548,1726,9,1,Palermo,5.6,38.1215,13.3528,https://storing.ingv.it/cfti/cfti5/quake.php?01548IT=
1656,1730,5,12,Valnerina,5.9,42.7533,13.1196,https://storing.ingv.it/cfti/cfti5/quake.php?01656IT=
1667,1731,3,20,Foggiano,6.5,41.2743,15.7567,https://storing.ingv.it/cfti/cfti5/quake.php?01667IT=
1726,1732,11,29,Irpinia,6.6,41.0643,15.0591,https://storing.ingv.it/cfti/cfti5/quake.php?01726IT=
1777,1739,5,10,Naso (ME),5.1,38.0984,14.7431,https://storing.ingv.it/cfti/cfti5/quake.php?01777IT=
1781,1740,3,6,Garfagnana,5.5,44.0748,10.489,https://storing.ingv.it/cfti/cfti5/quake.php?01781IT=
1800,1741,4,24,Appennino marchigiano,6.2,43.4262,13.0046,https://storing.ingv.it/cfti/cfti5/quake.php?01800IT=
1840,1743,1,21,Bagnoregio (VT),5,42.6149,12.0744,https://storing.ingv.it/cfti/cfti5/quake.php?01840IT=
1844,1743,2,20,Basso Ionio,6.9,40.2458,18.0486,https://storing.ingv.it/cfti/cfti5/quake.php?01844IT=
1854,1743,12,7,Calabria centrale,5.7,38.6948,16.3715,https://storing.ingv.it/cfti/cfti5/quake.php?01854IT=
1935,1746,7,23,Garfagnana,5.1,44.0917,10.4479,https://storing.ingv.it/cfti/cfti5/quake.php?01935IT=
1952,1747,4,17,Appennino umbro-marchigiano,5.8,43.2184,12.7455,https://storing.ingv.it/cfti/cfti5/quake.php?01952IT=
2001,1751,7,27,Appennino umbro-marchigiano,6.3,43.2252,12.7391,https://storing.ingv.it/cfti/cfti5/quake.php?02001IT=
2041,1753,3,9,Valle del Chisone,5.2,44.9418,7.1802,https://storing.ingv.it/cfti/cfti5/quake.php?02041IT=
2062,1755,11,1,Isola di Ponza,5.8,40.8953,12.9587,https://storing.ingv.it/cfti/cfti5/quake.php?02062IT=
2067,1755,12,9,Vallese,5.9,46.316,7.9849,https://storing.ingv.it/cfti/cfti5/quake.php?02067IT=
2131,1762,4,15,Mugello,5.1,44.0052,11.5055,https://storing.ingv.it/cfti/cfti5/quake.php?02131IT=
2144,1762,10,6,Aquilano,6,42.3081,13.5845,https://storing.ingv.it/cfti/cfti5/quake.php?02144IT=
2170,1767,1,21,Fivizzano (MS),5.4,44.1321,10.1231,https://storing.ingv.it/cfti/cfti5/quake.php?02170IT=
2184,1767,5,26,Valle di Lanzo,5.1,45.2722,7.5012,https://storing.ingv.it/cfti/cfti5/quake.php?02184IT=
2188,1767,7,14,Cosentino,6,39.3751,16.2788,https://storing.ingv.it/cfti/cfti5/quake.php?02188IT=
2196,1768,10,19,Appennino romagnolo,5.9,43.9401,11.9007,https://storing.ingv.it/cfti/cfti5/quake.php?02196IT=
2381,1779,6,4,Bolognese,5.2,44.4446,11.4786,https://storing.ingv.it/cfti/cfti5/quake.php?02381IT=
2396,1779,7,14,Bolognese,5.2,44.4611,11.328,https://storing.ingv.it/cfti/cfti5/quake.php?02396IT=
2430,1779,11,23,Bolognese,5,44.4263,11.5267,https://storing.ingv.it/cfti/cfti5/quake.php?02430IT=
2455,1780,2,6,Bolognese,5.1,44.569,11.3091,https://storing.ingv.it/cfti/cfti5/quake.php?02455IT=
2503,1781,4,4,Romagna,5.9,44.2522,11.7977,https://storing.ingv.it/cfti/cfti5/quake.php?02503IT=
2525,1781,6,3,Appennino marchigiano,6.3,43.5763,12.5482,https://storing.ingv.it/cfti/cfti5/quake.php?02525IT=
2562,1781,7,17,Romagna,5.6,44.2665,11.9894,https://storing.ingv.it/cfti/cfti5/quake.php?02562IT=
2700,1783,2,5,Calabria,7,38.2974,15.9703,https://storing.ingv.it/cfti/cfti5/quake.php?02700IT=
2720,1783,2,6,Calabria meridionale-Messina,6.3,38.1833,15.6378,https://storing.ingv.it/cfti/cfti5/quake.php?02720IT=
2812,1783,2,7,Calabria,6.6,38.5808,16.201,https://storing.ingv.it/cfti/cfti5/quake.php?02812IT=
2928,1783,3,1,Calabria centrale,5.9,38.7653,16.3003,https://storing.ingv.it/cfti/cfti5/quake.php?02928IT=
3120,1783,3,28,Calabria,7,38.7861,16.4636,https://storing.ingv.it/cfti/cfti5/quake.php?03120IT=
4204,1785,5,3,Alta valle del Chienti,5.1,43.0732,12.9549,https://storing.ingv.it/cfti/cfti5/quake.php?04204IT=
4275,1785,10,9,Umbria meridionale,5.7,42.5367,12.7879,https://storing.ingv.it/cfti/cfti5/quake.php?04275IT=
4370,1786,3,10,Sicilia nord-orientale,6.2,38.103,15.0208,https://storing.ingv.it/cfti/cfti5/quake.php?04370IT=
4381,1786,4,7,Pianura Padana,5.1,45.2993,9.5951,https://storing.ingv.it/cfti/cfti5/quake.php?04381IT=
4417,1786,7,31,Aquilano,5.4,42.3228,13.3725,https://storing.ingv.it/cfti/cfti5/quake.php?04417IT=
4475,1786,12,25,Riminese,5.6,43.9918,12.5644,https://storing.ingv.it/cfti/cfti5/quake.php?04475IT=
4560,1788,10,20,Tolmezzo (UD),5.1,46.3989,13.0187,https://storing.ingv.it/cfti/cfti5/quake.php?04560IT=
4589,1789,9,30,Valtiberina,5.9,43.5096,12.2201,https://storing.ingv.it/cfti/cfti5/quake.php?04589IT=
4614,1791,10,13,Calabria centrale,6,38.636,16.268,https://storing.ingv.it/cfti/cfti5/quake.php?04614IT=
4615,1791,10,11,Appennino umbro,5.5,42.9508,12.8611,https://storing.ingv.it/cfti/cfti5/quake.php?04615IT=
4684,1794,6,7,Prealpi carniche,6,46.3067,12.8208,https://storing.ingv.it/cfti/cfti5/quake.php?04684IT=
4703,1794,6,12,Irpinia,5.2,41.1088,14.9241,https://storing.ingv.it/cfti/cfti5/quake.php?04703IT=
4719,1794,6,30,Prealpi carniche,5.3,46.2982,12.7952,https://storing.ingv.it/cfti/cfti5/quake.php?04719IT=
4741,1796,2,5,Aretino,5.1,43.5474,11.877,https://storing.ingv.it/cfti/cfti5/quake.php?04741IT=
4744,1796,3,18,Casamicciola Terme (NA),5.6,40.7469,13.9089,https://storing.ingv.it/cfti/cfti5/quake.php?04744IT=
4747,1796,10,22,Emilia orientale,5.6,44.6151,11.6698,https://storing.ingv.it/cfti/cfti5/quake.php?04747IT=
4785,1799,7,28,Appennino marchigiano,6.2,43.2189,13.1472,https://storing.ingv.it/cfti/cfti5/quake.php?04785IT=
4824,1801,10,8,Bologna,5.1,44.4681,11.4199,https://storing.ingv.it/cfti/cfti5/quake.php?04824IT=
4844,1802,5,12,Valle dell’Oglio,5.7,45.4157,9.8542,https://storing.ingv.it/cfti/cfti5/quake.php?04844IT=
4869,1805,7,26,Molise,6.6,41.5009,14.4738,https://storing.ingv.it/cfti/cfti5/quake.php?04869IT=
4919,1806,8,26,Colli Albani,5.5,41.7191,12.7253,https://storing.ingv.it/cfti/cfti5/quake.php?04919IT=
4943,1808,4,2,Valle del Pellice,5.7,44.8387,7.248,https://storing.ingv.it/cfti/cfti5/quake.php?04943IT=
4992,1808,4,16,Valle del Pellice,5.3,44.8464,7.3154,https://storing.ingv.it/cfti/cfti5/quake.php?04992IT=
5136,1812,9,11,Valle del Pesa,5.2,43.6599,11.1395,https://storing.ingv.it/cfti/cfti5/quake.php?05136IT=
5142,1812,10,25,Valle del Cellina,5.7,46.0285,12.5732,https://storing.ingv.it/cfti/cfti5/quake.php?05142IT=
5158,1813,9,21,Romagna centrale,5.3,44.25,11.9717,https://storing.ingv.it/cfti/cfti5/quake.php?05158IT=
5181,1815,9,3,Valnerina,5.5,42.8332,13.0149,https://storing.ingv.it/cfti/cfti5/quake.php?05181IT=
5210,1817,3,11,Alta Savoia,5.5,46.2455,6.6424,https://storing.ingv.it/cfti/cfti5/quake.php?05210IT=
5222,1818,2,20,Catanese,6.2,37.6032,15.1407,https://storing.ingv.it/cfti/cfti5/quake.php?05222IT=
5224,1818,2,23,Liguria occidentale-Francia,5.5,43.8092,7.6436,https://storing.ingv.it/cfti/cfti5/quake.php?05224IT=
5229,1818,3,1,Monti Iblei,5.5,37.2047,14.7563,https://storing.ingv.it/cfti/cfti5/quake.php?05229IT=
5246,1818,9,8,Madonie,5.2,37.8136,14.0817,https://storing.ingv.it/cfti/cfti5/quake.php?05246IT=
5256,1818,12,9,Parmense,5.3,44.6965,10.2949,https://storing.ingv.it/cfti/cfti5/quake.php?05256IT=
5266,1819,2,24,Madonie,5.3,37.9394,14.0418,https://storing.ingv.it/cfti/cfti5/quake.php?05266IT=
5339,1823,3,5,Sicilia settentrionale,5.7,37.9936,14.0942,https://storing.ingv.it/cfti/cfti5/quake.php?05339IT=
5396,1826,2,1,Basilicata,5.8,40.5201,15.7275,https://storing.ingv.it/cfti/cfti5/quake.php?05396IT=
5460,1828,2,2,Casamicciola Terme (NA),5.8,40.7451,13.8985,https://storing.ingv.it/cfti/cfti5/quake.php?05460IT=
5491,1828,10,9,Valle Staffora,5.8,44.8216,9.047,https://storing.ingv.it/cfti/cfti5/quake.php?05491IT=
5496,1828,10,10,Valle Staffora,5,44.9304,9.0462,https://storing.ingv.it/cfti/cfti5/quake.php?05496IT=
5824,1831,5,26,Liguria occidentale,5.5,43.8557,7.8488,https://storing.ingv.it/cfti/cfti5/quake.php?05824IT=
5875,1831,9,11,Reggiano,5.5,44.7531,10.5436,https://storing.ingv.it/cfti/cfti5/quake.php?05875IT=
5892,1832,1,13,Valle del Topino,6.3,42.9804,12.6049,https://storing.ingv.it/cfti/cfti5/quake.php?05892IT=
5907,1832,3,8,Crotonese,6.6,39.0797,16.9188,https://storing.ingv.it/cfti/cfti5/quake.php?05907IT=
5934,1832,3,13,Reggiano,5.5,44.7654,10.4935,https://storing.ingv.it/cfti/cfti5/quake.php?05934IT=
6009,1834,2,14,Valle del Taro-Lunigiana,5.8,44.4328,9.851,https://storing.ingv.it/cfti/cfti5/quake.php?06009IT=
6023,1834,7,4,Lunigiana-Parmense,5.2,44.5304,9.9477,https://storing.ingv.it/cfti/cfti5/quake.php?06023IT=
6063,1835,10,12,Cosentino,5.8,39.331,16.2929,https://storing.ingv.it/cfti/cfti5/quake.php?06063IT=
6075,1836,4,25,Calabria settentrionale,6.2,39.5671,16.7368,https://storing.ingv.it/cfti/cfti5/quake.php?06075IT=
6081,1836,5,15,Rossano (CS),5.1,39.5742,16.6352,https://storing.ingv.it/cfti/cfti5/quake.php?06081IT=
6088,1836,6,12,Prealpi venete,5.6,45.8077,11.8233,https://storing.ingv.it/cfti/cfti5/quake.php?06088IT=
6149,1836,11,20,Basilicata meridionale,6,40.1427,15.7757,https://storing.ingv.it/cfti/cfti5/quake.php?06149IT=
6155,1837,4,11,Alpi Apuane,5.8,44.1754,10.1813,https://storing.ingv.it/cfti/cfti5/quake.php?06155IT=
6205,1838,1,5,Valnerina,5,42.7641,12.7874,https://storing.ingv.it/cfti/cfti5/quake.php?06205IT=
6208,1838,2,14,Valnerina,5.3,42.8406,12.9084,https://storing.ingv.it/cfti/cfti5/quake.php?06208IT=
6914,1841,6,10,Valle dell’Aventino,5,42.083,14.0801,https://storing.ingv.it/cfti/cfti5/quake.php?06914IT=
7062,1843,10,25,Mugello,5.1,44.0035,11.2606,https://storing.ingv.it/cfti/cfti5/quake.php?07062IT=
7142,1846,4,22,Catanese,5,37.5383,14.9233,https://storing.ingv.it/cfti/cfti5/quake.php?07142IT=
7160,1846,8,14,Toscana settentrionale,5.9,43.4708,10.5621,https://storing.ingv.it/cfti/cfti5/quake.php?07160IT=
7281,1848,1,11,Golfo di Catania,5.5,37.5434,15.0947,https://storing.ingv.it/cfti/cfti5/quake.php?07281IT=
7534,1851,8,14,Basilicata,6.4,40.9531,15.6667,https://storing.ingv.it/cfti/cfti5/quake.php?07534IT=
7535,1851,8,14,Melfi (PZ),5.6,40.9944,15.653,https://storing.ingv.it/cfti/cfti5/quake.php?07535IT=
7939,1853,4,9,Irpinia,5.6,40.8183,15.2153,https://storing.ingv.it/cfti/cfti5/quake.php?07939IT=
8097,1854,2,12,Cosentino,6.2,39.2569,16.2953,https://storing.ingv.it/cfti/cfti5/quake.php?08097IT=
8100,1854,2,12,Valle del Topino,5.6,43.0349,12.5839,https://storing.ingv.it/cfti/cfti5/quake.php?08100IT=
8248,1854,12,29,Liguria occidentale-Francia,5.7,43.7869,7.5583,https://storing.ingv.it/cfti/cfti5/quake.php?08248IT=
8304,1855,7,25,Vallese,5.7,45.8385,7.7044,https://storing.ingv.it/cfti/cfti5/quake.php?08304IT=
8443,1857,12,16,Basilicata,7,40.3529,15.8419,https://storing.ingv.it/cfti/cfti5/quake.php?08443IT=
8475,1857,12,26,Montemurro (PZ),5.4,40.2976,15.9909,https://storing.ingv.it/cfti/cfti5/quake.php?08475IT=
8704,1859,1,20,Trevigiano,5.2,45.8909,12.1012,https://storing.ingv.it/cfti/cfti5/quake.php?08704IT=
8819,1859,8,22,Valnerina,5.8,42.8294,13.0993,https://storing.ingv.it/cfti/cfti5/quake.php?08819IT=
9152,1865,7,19,Area etnea,5.4,37.6954,15.1559,https://storing.ingv.it/cfti/cfti5/quake.php?09152IT=
9187,1865,9,21,Umbria settentrionale,5.1,43.282,12.3124,https://storing.ingv.it/cfti/cfti5/quake.php?09187IT=
9317,1869,6,25,Media valle del Reno,5.4,44.3134,11.1178,https://storing.ingv.it/cfti/cfti5/quake.php?09317IT=
9450,1870,10,4,Cosentino,6.1,39.2202,16.331,https://storing.ingv.it/cfti/cfti5/quake.php?09450IT=
9548,1870,10,30,Romagna,5.6,44.1334,12.0623,https://storing.ingv.it/cfti/cfti5/quake.php?09548IT=
9698,1871,7,29,Colline Metallifere,5.4,43.3015,10.6181,https://storing.ingv.it/cfti/cfti5/quake.php?09698IT=
9819,1873,3,12,Marche meridionali,6,43.0902,13.2436,https://storing.ingv.it/cfti/cfti5/quake.php?09819IT=
9858,1873,6,29,Bellunese,6.3,46.1603,12.3826,https://storing.ingv.it/cfti/cfti5/quake.php?09858IT=
9928,1873,7,12,Monti della Meta,5.4,41.6869,13.7781,https://storing.ingv.it/cfti/cfti5/quake.php?09928IT=
10173,1873,9,17,Appennino tosco-emiliano,5.5,44.4389,9.9464,https://storing.ingv.it/cfti/cfti5/quake.php?10173IT=
10519,1874,10,7,Appennino tosco-emiliano,5.1,44.1957,11.5732,https://storing.ingv.it/cfti/cfti5/quake.php?10519IT=
10556,1874,12,6,Monti della Meta,5.5,41.655,13.8267,https://storing.ingv.it/cfti/cfti5/quake.php?10556IT=
10615,1875,3,17,Romagna sud-orientale,5.8,44.0625,12.5467,https://storing.ingv.it/cfti/cfti5/quake.php?10615IT=
11018,1877,8,24,Lazio meridionale,5.2,41.7106,13.351,https://storing.ingv.it/cfti/cfti5/quake.php?11018IT=
11092,1878,3,12,Bolognese,5.1,44.4247,11.543,https://storing.ingv.it/cfti/cfti5/quake.php?11092IT=
11132,1878,9,15,Valle del Clitunno,5.4,42.8461,12.6762,https://storing.ingv.it/cfti/cfti5/quake.php?11132IT=
11185,1879,2,23,Valnerina,5.6,42.7662,13.0429,https://storing.ingv.it/cfti/cfti5/quake.php?11185IT=
11218,1879,4,27,Valle del Senio,5.1,44.1688,11.5859,https://storing.ingv.it/cfti/cfti5/quake.php?11218IT=
11257,1879,6,17,Area etnea,5.7,37.687,15.1457,https://storing.ingv.it/cfti/cfti5/quake.php?11257IT=
11384,1880,7,4,Vallese,5.4,46.2736,8.059,https://storing.ingv.it/cfti/cfti5/quake.php?11384IT=
11474,1881,1,24,Bolognese,5.2,44.4017,11.3478,https://storing.ingv.it/cfti/cfti5/quake.php?11474IT=
11491,1881,2,14,Bolognese,5,44.4053,11.4832,https://storing.ingv.it/cfti/cfti5/quake.php?11491IT=
11516,1881,3,4,Isola d’Ischia,5.4,40.7476,13.895,https://storing.ingv.it/cfti/cfti5/quake.php?11516IT=
11605,1881,9,10,Abruzzo meridionale,5.6,42.2322,14.2838,https://storing.ingv.it/cfti/cfti5/quake.php?11605IT=
11663,1882,2,15,Val Borbera,5,44.661,9.084,https://storing.ingv.it/cfti/cfti5/quake.php?11663IT=
11712,1882,6,6,Monti del Matese,5.3,41.5584,14.2034,https://storing.ingv.it/cfti/cfti5/quake.php?11712IT=
11746,1882,9,18,Monte Baldo,5,45.7107,10.7698,https://storing.ingv.it/cfti/cfti5/quake.php?11746IT=
11949,1883,7,28,Isola d’Ischia,5.7,40.7398,13.8714,https://storing.ingv.it/cfti/cfti5/quake.php?11949IT=
12128,1884,11,27,Alpi Cozie,5.3,44.9346,6.6222,https://storing.ingv.it/cfti/cfti5/quake.php?12128IT=
12869,1887,2,23,Liguria occidentale,6.3,43.8917,7.9917,https://storing.ingv.it/cfti/cfti5/quake.php?12869IT=
13002,1887,12,3,Calabria settentrionale,5.5,39.5644,16.2213,https://storing.ingv.it/cfti/cfti5/quake.php?13002IT=
13468,1889,12,25,Area etnea,5,37.6464,15.1582,https://storing.ingv.it/cfti/cfti5/quake.php?13468IT=
13599,1891,6,7,Valle d’Illasi,5.9,45.5647,11.1645,https://storing.ingv.it/cfti/cfti5/quake.php?13599IT=
14782,1893,8,10,Gargano,5.4,41.7136,16.0749,https://storing.ingv.it/cfti/cfti5/quake.php?14782IT=
14902,1894,8,8,Area etnea,5.7,37.6564,15.1138,https://storing.ingv.it/cfti/cfti5/quake.php?14902IT=
14962,1894,11,16,Calabria meridionale,6.1,38.2888,15.8701,https://storing.ingv.it/cfti/cfti5/quake.php?14962IT=
15004,1894,11,27,Bresciano,5.1,45.5647,10.1222,https://storing.ingv.it/cfti/cfti5/quake.php?15004IT=
15294,1895,4,14,Slovenia,6.2,46.1318,14.5335,https://storing.ingv.it/cfti/cfti5/quake.php?15294IT=
15327,1895,5,18,Fiorentino,5.4,43.7041,11.2636,https://storing.ingv.it/cfti/cfti5/quake.php?15327IT=
16153,1897,7,15,Slovenia,5.3,46.0588,14.5032,https://storing.ingv.it/cfti/cfti5/quake.php?16153IT=
16303,1897,12,18,Appennino umbro-marchigiano,5.1,43.4966,12.3781,https://storing.ingv.it/cfti/cfti5/quake.php?16303IT=
16459,1898,3,4,Valle del Parma,5.4,44.656,10.2601,https://storing.ingv.it/cfti/cfti5/quake.php?16459IT=
16740,1898,8,25,Alta Valnerina,5,42.8962,12.9938,https://storing.ingv.it/cfti/cfti5/quake.php?16740IT=
16769,1898,9,12,Alta Valnerina,5.3,42.9082,12.9746,https://storing.ingv.it/cfti/cfti5/quake.php?16769IT=
17022,1899,6,26,Valle del Bisenzio,5.1,43.9588,11.117,https://storing.ingv.it/cfti/cfti5/quake.php?17022IT=
17066,1899,7,19,Colli Albani,5.1,41.7982,12.6857,https://storing.ingv.it/cfti/cfti5/quake.php?17066IT=
17826,1901,7,31,Monti della Meta,5.2,41.7192,13.7496,https://storing.ingv.it/cfti/cfti5/quake.php?17826IT=
17889,1901,10,30,Salò,5.7,45.5829,10.4927,https://storing.ingv.it/cfti/cfti5/quake.php?17889IT=
18754,1904,2,24,Marsica,5.6,42.0975,13.3162,https://storing.ingv.it/cfti/cfti5/quake.php?18754IT=
19253,1905,4,29,Alta Savoia,5.7,46.0163,7.0109,https://storing.ingv.it/cfti/cfti5/quake.php?19253IT=
19344,1905,9,8,Calabria,6.7,38.6816,16.0563,https://storing.ingv.it/cfti/cfti5/quake.php?19344IT=
20606,1907,10,23,Calabria meridionale,6,38.087,15.9854,https://storing.ingv.it/cfti/cfti5/quake.php?20606IT=
21142,1908,7,10,Carnia,5.4,46.4655,13.1904,https://storing.ingv.it/cfti/cfti5/quake.php?21142IT=
21318,1908,12,28,Calabria meridionale-Messina,7,38.1647,15.6871,https://storing.ingv.it/cfti/cfti5/quake.php?21318IT=
22533,1909,8,25,Toscana meridionale,5.6,43.1395,11.331,https://storing.ingv.it/cfti/cfti5/quake.php?22533IT=
23303,1910,6,7,Irpinia-Basilicata,5.7,40.8989,15.4217,https://storing.ingv.it/cfti/cfti5/quake.php?23303IT=
23756,1911,2,19,Romagna meridionale,5.3,44.118,12.0755,https://storing.ingv.it/cfti/cfti5/quake.php?23756IT=
24012,1911,9,13,Chianti,5.2,43.437,11.3427,https://storing.ingv.it/cfti/cfti5/quake.php?24012IT=
24085,1911,10,15,Area etnea,5.6,37.7027,15.1529,https://storing.ingv.it/cfti/cfti5/quake.php?24085IT=
24440,1913,6,28,Calabria settentrionale,5.7,39.5316,16.2391,https://storing.ingv.it/cfti/cfti5/quake.php?24440IT=
24634,1914,5,8,Area etnea,5.9,37.6595,15.1331,https://storing.ingv.it/cfti/cfti5/quake.php?24634IT=
24719,1914,10,26,Valli torinesi,5.4,45.0506,7.36,https://storing.ingv.it/cfti/cfti5/quake.php?24719IT=
24751,1915,1,13,Marsica,7,41.982,13.6481,https://storing.ingv.it/cfti/cfti5/quake.php?24751IT=
25025,1915,3,15,Alta valle del Chienti,5,43.0123,12.8927,https://storing.ingv.it/cfti/cfti5/quake.php?25025IT=
25486,1916,5,17,Alto Adriatico,5.8,44.0111,12.6226,https://storing.ingv.it/cfti/cfti5/quake.php?25486IT=
25719,1916,8,16,Alto Adriatico,5.7,43.9621,12.6711,https://storing.ingv.it/cfti/cfti5/quake.php?25719IT=
25849,1916,11,16,Appennino umbro-reatino,5.5,42.6462,13.1683,https://storing.ingv.it/cfti/cfti5/quake.php?25849IT=
26054,1917,4,26,Valtiberina,5.9,43.4678,12.129,https://storing.ingv.it/cfti/cfti5/quake.php?26054IT=
26114,1917,5,12,Ternano,5.1,42.5907,12.6406,https://storing.ingv.it/cfti/cfti5/quake.php?26114IT=
26671,1918,11,10,Appennino romagnolo,5.9,43.9177,11.933,https://storing.ingv.it/cfti/cfti5/quake.php?26671IT=
26806,1919,6,29,Mugello,6.3,43.9576,11.4818,https://storing.ingv.it/cfti/cfti5/quake.php?26806IT=
26973,1919,9,10,Toscana meridionale,5.3,42.8224,11.7641,https://storing.ingv.it/cfti/cfti5/quake.php?26973IT=
27011,1919,10,22,Litorale pontino,5.3,41.5381,12.6839,https://storing.ingv.it/cfti/cfti5/quake.php?27011IT=
27178,1920,9,7,Garfagnana,6.5,44.1862,10.2775,https://storing.ingv.it/cfti/cfti5/quake.php?27178IT=
27930,1924,1,2,Medio Adriatico,5.3,43.7367,13.1405,https://storing.ingv.it/cfti/cfti5/quake.php?27930IT=
28415,1925,9,24,Molise occidentale,5.1,41.72,14.1884,https://storing.ingv.it/cfti/cfti5/quake.php?28415IT=
29040,1928,3,27,Friuli,5.8,46.3801,12.9843,https://storing.ingv.it/cfti/cfti5/quake.php?29040IT=
29693,1929,4,10,Bolognese,5.2,44.4264,11.4754,https://storing.ingv.it/cfti/cfti5/quake.php?29693IT=
29717,1929,4,19,Bolognese,5.3,44.4838,11.1996,https://storing.ingv.it/cfti/cfti5/quake.php?29717IT=
29721,1929,4,20,Bolognese,5.4,44.4784,11.1379,https://storing.ingv.it/cfti/cfti5/quake.php?29721IT=
29727,1929,4,22,Bolognese,5,44.4776,11.1281,https://storing.ingv.it/cfti/cfti5/quake.php?29727IT=
29745,1929,4,29,Bolognese,5.1,44.4895,11.0987,https://storing.ingv.it/cfti/cfti5/quake.php?29745IT=
29754,1929,5,11,Bolognese,5.2,44.4821,11.1183,https://storing.ingv.it/cfti/cfti5/quake.php?29754IT=
29794,1929,7,18,Mugello,5,43.9892,11.5071,https://storing.ingv.it/cfti/cfti5/quake.php?29794IT=
30013,1930,7,23,Irpinia,6.7,41.0641,15.3441,https://storing.ingv.it/cfti/cfti5/quake.php?30013IT=
30094,1930,10,30,Marche settentrionali,5.8,43.674,13.2738,https://storing.ingv.it/cfti/cfti5/quake.php?30094IT=
30545,1932,2,19,Monte Baldo,5.1,45.6327,10.7288,https://storing.ingv.it/cfti/cfti5/quake.php?30545IT=
30838,1933,9,26,Maiella,6,42.08,14.0929,https://storing.ingv.it/cfti/cfti5/quake.php?30838IT=
31050,1934,11,30,Alto Adriatico,5.2,44.5562,13.7224,https://storing.ingv.it/cfti/cfti5/quake.php?31050IT=
31093,1935,3,19,Alpi Cozie,5.3,44.6515,6.6322,https://storing.ingv.it/cfti/cfti5/quake.php?31093IT=
31316,1936,10,18,Alpago-Cansiglio,6.2,46.0316,12.411,https://storing.ingv.it/cfti/cfti5/quake.php?31316IT=
31541,1938,7,2,Basso Adriatico,5.1,42.172,17.5492,https://storing.ingv.it/cfti/cfti5/quake.php?31541IT=
31547,1938,7,18,Alpi Cozie,5.3,44.5932,6.7347,https://storing.ingv.it/cfti/cfti5/quake.php?31547IT=
31722,1940,1,15,Golfo di Palermo,5.3,38.076,13.4283,https://storing.ingv.it/cfti/cfti5/quake.php?31722IT=
31955,1941,5,22,Stromboli (ME),5.4,38.8061,15.235,https://storing.ingv.it/cfti/cfti5/quake.php?31955IT=
32283,1943,10,3,Marche meridionali-Abruzzo,5.8,42.9098,13.6508,https://storing.ingv.it/cfti/cfti5/quake.php?32283IT=
32312,1945,6,29,Valle Staffora,5.2,44.8306,9.1304,https://storing.ingv.it/cfti/cfti5/quake.php?32312IT=
32397,1947,5,11,Calabria centrale,5.7,38.6526,16.5182,https://storing.ingv.it/cfti/cfti5/quake.php?32397IT=
32553,1948,6,13,Valtiberina,5.1,43.5823,12.1401,https://storing.ingv.it/cfti/cfti5/quake.php?32553IT=
32584,1948,8,18,Puglia settentrionale,5.5,41.5524,15.8135,https://storing.ingv.it/cfti/cfti5/quake.php?32584IT=
32585,1948,8,21,Puglia settentrionale,5.3,41.6144,15.7393,https://storing.ingv.it/cfti/cfti5/quake.php?32585IT=
32586,1948,8,22,Puglia settentrionale,5.5,41.4408,15.8118,https://storing.ingv.it/cfti/cfti5/quake.php?32586IT=
33063,1951,5,15,Pianura Padana,5.4,45.2521,9.6005,https://storing.ingv.it/cfti/cfti5/quake.php?33063IT=
33186,1952,7,4,Appennino romagnolo,5,43.981,11.8821,https://storing.ingv.it/cfti/cfti5/quake.php?33186IT=
33292,1954,5,19,Vallese,5,46.0863,7.0946,https://storing.ingv.it/cfti/cfti5/quake.php?33292IT=
33599,1956,5,26,Appennino romagnolo,5,43.9392,11.8962,https://storing.ingv.it/cfti/cfti5/quake.php?33599IT=
33920,1958,6,24,L’Aquila,5.2,42.3405,13.4783,https://storing.ingv.it/cfti/cfti5/quake.php?33920IT=
34024,1959,4,26,Carnia,5.2,46.4671,13.0427,https://storing.ingv.it/cfti/cfti5/quake.php?34024IT=
34256,1960,3,23,Vallese,5.3,46.3473,7.9799,https://storing.ingv.it/cfti/cfti5/quake.php?34256IT=
34402,1960,10,29,Mugello,5,43.9994,11.3851,https://storing.ingv.it/cfti/cfti5/quake.php?34402IT=
34545,1961,10,31,Valle del Velino,5.1,42.3962,13.0422,https://storing.ingv.it/cfti/cfti5/quake.php?34545IT=
34641,1962,8,21,Irpinia,6.1,41.2306,14.9533,https://storing.ingv.it/cfti/cfti5/quake.php?34641IT=
34811,1963,7,19,Mar Ligure,5.4,43.9233,8.0648,https://storing.ingv.it/cfti/cfti5/quake.php?34811IT=
35749,1967,10,31,Monti Nebrodi,5.6,37.8625,14.4126,https://storing.ingv.it/cfti/cfti5/quake.php?35749IT=
35804,1968,1,15,Valle del Belice,5.6,37.7602,13.0011,https://storing.ingv.it/cfti/cfti5/quake.php?35804IT=
35810,1968,1,15,Valle del Belice,6.5,37.7602,12.9868,https://storing.ingv.it/cfti/cfti5/quake.php?35810IT=
36390,1969,4,17,Lazio meridionale,5.1,41.5715,13.7881,https://storing.ingv.it/cfti/cfti5/quake.php?36390IT=
36932,1971,2,6,Tuscania (VT),5.2,42.4428,11.8464,https://storing.ingv.it/cfti/cfti5/quake.php?36932IT=
37132,1971,7,15,Parmense,5.7,44.8152,10.3444,https://storing.ingv.it/cfti/cfti5/quake.php?37132IT=
37405,1972,2,4,Medio Adriatico,5.3,43.5911,13.2947,https://storing.ingv.it/cfti/cfti5/quake.php?37405IT=
37412,1972,2,4,Medio Adriatico,5.4,43.5893,13.283,https://storing.ingv.it/cfti/cfti5/quake.php?37412IT=
37460,1972,2,5,Medio Adriatico,5.2,43.656,13.3291,https://storing.ingv.it/cfti/cfti5/quake.php?37460IT=
37515,1972,2,6,Medio Adriatico,5.1,43.6038,13.5073,https://storing.ingv.it/cfti/cfti5/quake.php?37515IT=
37690,1972,6,14,Medio Adriatico,5.5,43.581,13.4153,https://storing.ingv.it/cfti/cfti5/quake.php?37690IT=
38537,1974,12,2,Valnerina,5.2,42.8141,12.9271,https://storing.ingv.it/cfti/cfti5/quake.php?38537IT=
38578,1975,1,16,Stretto di Messina,5.3,38.1148,15.6431,https://storing.ingv.it/cfti/cfti5/quake.php?38578IT=
38902,1976,5,6,Friuli,6.5,46.235,13.0572,https://storing.ingv.it/cfti/cfti5/quake.php?38902IT=
39344,1976,9,11,Friuli,5.7,46.273,13.1758,https://storing.ingv.it/cfti/cfti5/quake.php?39344IT=
39414,1976,9,15,Friuli,6.1,46.2587,13.1101,https://storing.ingv.it/cfti/cfti5/quake.php?39414IT=
40131,1978,3,11,Calabria meridionale,5.5,38.0115,15.9765,https://storing.ingv.it/cfti/cfti5/quake.php?40131IT=
40169,1978,4,15,Golfo di Patti,5.7,38.1251,15.022,https://storing.ingv.it/cfti/cfti5/quake.php?40169IT=
40785,1979,9,19,Valnerina,5.8,42.7173,13.0752,https://storing.ingv.it/cfti/cfti5/quake.php?40785IT=
41752,1980,11,23,Irpinia-Basilicata,6.7,40.8428,15.2832,https://storing.ingv.it/cfti/cfti5/quake.php?41752IT=
41860,1980,12,23,Piacentino,5.2,44.8023,9.7565,https://storing.ingv.it/cfti/cfti5/quake.php?41860IT=
42004,1349,9,9,Aquilano,6.1,42.2711,13.1318,https://storing.ingv.it/cfti/cfti5/quake.php?42004IT=
42005,1349,9,9,Viterbese-Umbria,6.4,42.5117,11.9317,https://storing.ingv.it/cfti/cfti5/quake.php?42005IT=
42006,1091,1,27,Roma,5.1,41.896,12.4822,https://storing.ingv.it/cfti/cfti5/quake.php?42006IT=
42007,1982,3,21,Golfo di Policastro,5.4,40.0085,15.7661,https://storing.ingv.it/cfti/cfti5/quake.php?42007IT=
42008,1983,11,9,Parmense,5.3,44.7557,10.2652,https://storing.ingv.it/cfti/cfti5/quake.php?42008IT=
42009,1984,4,29,Umbria settentrionale,5.6,43.2102,12.5104,https://storing.ingv.it/cfti/cfti5/quake.php?42009IT=
42010,1984,5,7,Appennino abruzzese,5.8,41.6671,14.0571,https://storing.ingv.it/cfti/cfti5/quake.php?42010IT=
42011,1990,12,13,Sicilia sud-orientale,5.4,37.2617,14.9837,https://storing.ingv.it/cfti/cfti5/quake.php?42011IT=
42013,1984,5,11,Appennino abruzzese,5.4,41.7152,14.0759,https://storing.ingv.it/cfti/cfti5/quake.php?42013IT=
42015,1730,10,23,Gubbio (PG),5.4,43.3522,12.5771,https://storing.ingv.it/cfti/cfti5/quake.php?42015IT=
42018,1832,12,4,Alta valle del Chienti,5.3,43.0058,13.0701,https://storing.ingv.it/cfti/cfti5/quake.php?42018IT=
42019,1838,8,5,Valnerina,5.1,42.8775,12.8842,https://storing.ingv.it/cfti/cfti5/quake.php?42019IT=
42020,1455,2,6,Media valle del Reno,5.6,44.334,11.1831,https://storing.ingv.it/cfti/cfti5/quake.php?42020IT=
42021,1172,9,26,Messina,5.6,38.1877,15.5493,https://storing.ingv.it/cfti/cfti5/quake.php?42021IT=
42023,1258,2,19,Barrea (AQ),5.6,41.7568,13.9924,https://storing.ingv.it/cfti/cfti5/quake.php?42023IT=
42024,1280,,,Napoli,5,40.856,14.2603,https://storing.ingv.it/cfti/cfti5/quake.php?42024IT=
42025,1295,9,1,Sicilia,5.8,37.5,14,https://storing.ingv.it/cfti/cfti5/quake.php?42025IT=
42026,1303,8,,Medio Adriatico,5.6,43.7676,14.0246,https://storing.ingv.it/cfti/cfti5/quake.php?42026IT=
42028,1558,2,9,Alta Valtiberina,5.1,43.514,12.1898,https://storing.ingv.it/cfti/cfti5/quake.php?42028IT=
42029,1559,4,11,Alta Valtiberina,5.1,43.6208,12.0908,https://storing.ingv.it/cfti/cfti5/quake.php?42029IT=
42035,1693,1,8,Calabria settentrionale,5.6,39.7956,16.1127,https://storing.ingv.it/cfti/cfti5/quake.php?42035IT=
42036,1517,3,29,Irpinia,5.4,41.0122,15.2101,https://storing.ingv.it/cfti/cfti5/quake.php?42036IT=
42037,1708,1,26,Pollino,5.5,39.9955,16.0143,https://storing.ingv.it/cfti/cfti5/quake.php?42037IT=
42038,1780,9,14,Golfo di Patti,5.4,38.0822,14.9814,https://storing.ingv.it/cfti/cfti5/quake.php?42038IT=
42044,1631,2,25,Annifo (PG),5.1,43.0549,12.8569,https://storing.ingv.it/cfti/cfti5/quake.php?42044IT=
42045,1349,9,9,Abruzzo,6,42.0219,13.9705,https://storing.ingv.it/cfti/cfti5/quake.php?42045IT=
42049,1721,6,18,Annifo (PG),5.1,43.0549,12.8569,https://storing.ingv.it/cfti/cfti5/quake.php?42049IT=
42050,1793,4,21,Afrile (PG),5.4,43.0256,12.8109,https://storing.ingv.it/cfti/cfti5/quake.php?42050IT=
42061,1731,3,29,Alta Valtiberina,5.4,43.6709,12.0406,https://storing.ingv.it/cfti/cfti5/quake.php?42061IT=
42064,1737,3,31,Campania,5.1,40.9206,14.6597,https://storing.ingv.it/cfti/cfti5/quake.php?42064IT=
42068,1741,8,6,Irpinia,5.4,41.0298,14.9324,https://storing.ingv.it/cfti/cfti5/quake.php?42068IT=
42070,1743,10,2,Amantea (CS),5.1,39.1322,16.0808,https://storing.ingv.it/cfti/cfti5/quake.php?42070IT=
42071,1744,3,21,Crotonese,5.7,39.0404,16.7814,https://storing.ingv.it/cfti/cfti5/quake.php?42071IT=
42092,1209,,,Appennino abruzzese,6,42.1673,13.8749,https://storing.ingv.it/cfti/cfti5/quake.php?42092IT=
42110,1411,1,9,Ferrara,5.1,44.8363,11.6182,https://storing.ingv.it/cfti/cfti5/quake.php?42110IT=
42120,1497,3,3,Lunigiana,5.8,44.2507,9.9163,https://storing.ingv.it/cfti/cfti5/quake.php?42120IT=
42139,1536,8,17,Appennino tosco-emiliano?,5.3,44.3649,10.9333,https://storing.ingv.it/cfti/cfti5/quake.php?42139IT=
42279,1438,2,2,Grottaferrata (RM),5.4,41.7873,12.6771,https://storing.ingv.it/cfti/cfti5/quake.php?42279IT=
42791,1046,11,9,Media valle dell’Adige,6,45.834,11.0664,https://storing.ingv.it/cfti/cfti5/quake.php?42791IT=
42792,1117,1,3,Toscana settentrionale,5.3,44.0887,10.4516,https://storing.ingv.it/cfti/cfti5/quake.php?42792IT=
42793,1275,11,2,Isola d’Ischia,5.8,40.7256,13.911,https://storing.ingv.it/cfti/cfti5/quake.php?42793IT=
42794,1348,9,13,Subiaco (RM),5.6,41.9259,13.0946,https://storing.ingv.it/cfti/cfti5/quake.php?42794IT=
42795,1353,4,22,Melfi (PZ),6,40.9944,15.653,https://storing.ingv.it/cfti/cfti5/quake.php?42795IT=
42796,1377,11,14,Tropea (VV),5.4,38.6752,15.8986,https://storing.ingv.it/cfti/cfti5/quake.php?42796IT=
42797,1386,3,17,Napoli,5.4,40.856,14.2603,https://storing.ingv.it/cfti/cfti5/quake.php?42797IT=
42802,1270,,,Sansepolcro (AR),5.6,43.5707,12.1411,https://storing.ingv.it/cfti/cfti5/quake.php?42802IT=
42852,-400,,,Selinunte (TP),5.4,37.584,12.8247,https://storing.ingv.it/cfti/cfti5/quake.php?42852IT=
42853,701,,,Selinunte (TP),5.8,37.584,12.8247,https://storing.ingv.it/cfti/cfti5/quake.php?42853IT=
42855,1997,9,26,Appennino umbro-marchigiano,5.6,43.0415,12.9983,https://storing.ingv.it/cfti/cfti5/quake.php?42855IT=
42856,1997,9,26,Appennino umbro-marchigiano,5.7,43.1141,12.9011,https://storing.ingv.it/cfti/cfti5/quake.php?42856IT=
42857,1997,10,14,Appennino umbro-marchigiano,5.5,42.9471,12.9735,https://storing.ingv.it/cfti/cfti5/quake.php?42857IT=
50001,-436,,,Italia centrale,5.4,43,12.5,https://storing.ingv.it/cfti/cfti5/quake.php?50001IT=
50008,-217,6,,Etruria,6.4,43.25,11.25,https://storing.ingv.it/cfti/cfti5/quake.php?50008IT=
50012,-174,,,Sabina,6.4,42.25,12.667,https://storing.ingv.it/cfti/cfti5/quake.php?50012IT=
50017,-100,,,Picenum,5.8,43.1673,13.5,https://storing.ingv.it/cfti/cfti5/quake.php?50017IT=
50018,-99,,,Norcia (PG),5.6,42.7932,13.0936,https://storing.ingv.it/cfti/cfti5/quake.php?50018IT=
50021,-91,,,Reggio Calabria?,5.8,38.1087,15.6471,https://storing.ingv.it/cfti/cfti5/quake.php?50021IT=
50022,-91,,,Modena-Reggio Emilia,5.6,44.648,10.7842,https://storing.ingv.it/cfti/cfti5/quake.php?50022IT=
50023,-83,,,Roma,5.4,41.896,12.4822,https://storing.ingv.it/cfti/cfti5/quake.php?50023IT=
50024,-76,,,Rieti,6.4,42.4048,12.8667,https://storing.ingv.it/cfti/cfti5/quake.php?50024IT=
50025,-72,,,Roma,5.4,41.896,12.4822,https://storing.ingv.it/cfti/cfti5/quake.php?50025IT=
50026,-63,,,Spoleto (PG),5.6,42.7326,12.7357,https://storing.ingv.it/cfti/cfti5/quake.php?50026IT=
50027,-56,4,,Potentia (MC),5.8,43.4329,13.6649,https://storing.ingv.it/cfti/cfti5/quake.php?50027IT=
50033,-2,,,Napoli,5.4,40.856,14.2603,https://storing.ingv.it/cfti/cfti5/quake.php?50033IT=
50035,15,,,Roma,5.4,41.896,12.4822,https://storing.ingv.it/cfti/cfti5/quake.php?50035IT=
50036,17,,,Reggio Calabria-Sicilia,5.4,37.8043,15.1986,https://storing.ingv.it/cfti/cfti5/quake.php?50036IT=
50037,37,3,16,Capri (NA),5.1,40.5505,14.2429,https://storing.ingv.it/cfti/cfti5/quake.php?50037IT=
50038,51,,,Roma,5.6,41.896,12.4822,https://storing.ingv.it/cfti/cfti5/quake.php?50038IT=
50039,62,2,5,Pompei (NA),5.8,40.7777,14.4171,https://storing.ingv.it/cfti/cfti5/quake.php?50039IT=
50043,79,8,25,Area vesuviana,6,40.7954,14.3891,https://storing.ingv.it/cfti/cfti5/quake.php?50043IT=
50045,99,,,Circello (BN),6.2,41.3578,14.8082,https://storing.ingv.it/cfti/cfti5/quake.php?50045IT=
50046,101,,,San Valentino in Abruzzo (PE),6.2,42.2333,13.987,https://storing.ingv.it/cfti/cfti5/quake.php?50046IT=
50055,346,,,Sannio,7,41.3867,14.4267,https://storing.ingv.it/cfti/cfti5/quake.php?50055IT=
50056,361,,,Stretto di Messina,6.4,38.1482,15.5982,https://storing.ingv.it/cfti/cfti5/quake.php?50056IT=
50058,375,,,Benevento,5.6,41.1297,14.777,https://storing.ingv.it/cfti/cfti5/quake.php?50058IT=
50061,443,,,Roma,5.6,41.896,12.4822,https://storing.ingv.it/cfti/cfti5/quake.php?50061IT=
50064,484,,,Roma,5.4,41.896,12.4822,https://storing.ingv.it/cfti/cfti5/quake.php?50064IT=
50071,725,,,Classe (RA)-Ravenna,5.6,44.3988,12.2155,https://storing.ingv.it/cfti/cfti5/quake.php?50071IT=
50072,778,,,Treviso,5.8,45.6699,12.2438,https://storing.ingv.it/cfti/cfti5/quake.php?50072IT=
50073,801,4,29,Roma,5.4,41.896,12.4822,https://storing.ingv.it/cfti/cfti5/quake.php?50073IT=
50076,847,6,,Sannio,5.6,41.6227,14.1595,https://storing.ingv.it/cfti/cfti5/quake.php?50076IT=
50077,853,8,31,Messina,5.4,38.1877,15.5493,https://storing.ingv.it/cfti/cfti5/quake.php?50077IT=
50079,951,,,Rossano (CS),6,39.5742,16.6352,https://storing.ingv.it/cfti/cfti5/quake.php?50079IT=
50081,989,10,25,Irpinia,6.9,41.0068,15.173,https://storing.ingv.it/cfti/cfti5/quake.php?50081IT=
413,1456,12,5,Samnio-Irpinia,7.1,41.1844,14.8742,https://storing.ingv.it/cfti/cfti5/quake.php?C0413IT=
